hg38_coord_bin1	hg38_coord_bin2	loop_id	celltype
chr7-12520000-12530000	chr7-13690000-13700000	human_union_439143	L5_IT
chr7-12520000-12530000	chr7-13870000-13880000	human_union_439144	L5_IT
chr7-12520000-12530000	chr7-14380000-14390000	human_union_439145	L5_IT
chr7-12520000-12530000	chr7-14670000-14680000	human_union_439146	SST
chr7-12520000-12530000	chr7-16020000-16030000	human_union_439147	L5_6_NP
chr7-12520000-12530000	chr7-16550000-16560000	human_union_439148	L5_6_NP
chr7-12530000-12540000	chr7-14440000-14450000	human_union_439175	L5_6_NP
chr7-12530000-12540000	chr7-14530000-14540000	human_union_439176	L6b
chr7-12530000-12540000	chr7-14570000-14580000	human_union_439177	L4_5_IT, L6_IT
chr7-12530000-12540000	chr7-14670000-14680000	human_union_439178	L4_5_IT
chr7-12530000-12540000	chr7-14680000-14690000	human_union_439179	L6_IT, PVALB
chr7-12540000-12550000	chr7-13720000-13730000	human_union_439186	SNCG
chr7-12540000-12550000	chr7-13840000-13850000	human_union_439187	L5_6_NP
chr7-12540000-12550000	chr7-14670000-14680000	human_union_439188	L5_IT
chr7-12540000-12550000	chr7-14680000-14690000	human_union_439189	LAMP5
chr7-12540000-12550000	chr7-15040000-15050000	human_union_439190	L5_ET
chr7-12550000-12560000	chr7-14460000-14470000	human_union_439201	L4_5_IT
chr7-12560000-12570000	chr7-14670000-14680000	human_union_439216	L6b
chr7-12590000-12600000	chr7-14590000-14600000	human_union_439272	SNCG
chr7-12620000-12630000	chr7-13570000-13580000	human_union_439308	L5_IT
chr7-12620000-12630000	chr7-14660000-14670000	human_union_439309	L5_IT
chr7-12620000-12630000	chr7-14670000-14680000	human_union_439310	L4_5_IT
chr7-12620000-12630000	chr7-14680000-14690000	human_union_439311	ODC, VIP
chr7-12630000-12640000	chr7-13670000-13680000	human_union_439326	L5_IT
chr7-12630000-12640000	chr7-13730000-13740000	human_union_439327	L5_IT, L6_IT, ODC
chr7-12630000-12640000	chr7-14020000-14030000	human_union_439328	L5_IT
chr7-12630000-12640000	chr7-14100000-14110000	human_union_439329	L5_IT
chr7-12630000-12640000	chr7-14360000-14370000	human_union_439330	L4_5_IT
chr7-12630000-12640000	chr7-14510000-14520000	human_union_439331	L5_IT
chr7-12630000-12640000	chr7-14670000-14680000	human_union_439332	L6_IT
chr7-12630000-12640000	chr7-14680000-14690000	human_union_439333	PVALB
chr7-12630000-12640000	chr7-15030000-15040000	human_union_439334	L6_IT
chr7-12640000-12650000	chr7-13860000-13870000	human_union_439350	L6_IT
chr7-12640000-12650000	chr7-13870000-13880000	human_union_439351	L2_3_IT
chr7-12640000-12650000	chr7-13940000-13950000	human_union_439352	L6_IT
chr7-12640000-12650000	chr7-14020000-14030000	human_union_439353	L5_6_NP
chr7-12640000-12650000	chr7-14380000-14390000	human_union_439354	L6_IT
chr7-12640000-12650000	chr7-14450000-14460000	human_union_439355	L6_IT, OPC
chr7-12640000-12650000	chr7-14460000-14470000	human_union_439356	L5_IT, ODC
chr7-12640000-12650000	chr7-14670000-14680000	human_union_439357	SST
chr7-12640000-12650000	chr7-15030000-15040000	human_union_439358	OPC
chr7-12640000-12650000	chr7-16080000-16090000	human_union_439359	L6b
chr7-12650000-12660000	chr7-13700000-13710000	human_union_439373	L6_CT
chr7-12650000-12660000	chr7-13730000-13740000	human_union_439374	L4_5_IT
chr7-12650000-12660000	chr7-13870000-13880000	human_union_439375	OPC
chr7-12660000-12670000	chr7-13760000-13770000	human_union_439388	L6b
chr7-12660000-12670000	chr7-13990000-14000000	human_union_439389	L6_IT
chr7-12660000-12670000	chr7-14190000-14200000	human_union_439390	L6_IT
chr7-12660000-12670000	chr7-14230000-14240000	human_union_439391	L6_IT
chr7-12660000-12670000	chr7-14280000-14290000	human_union_439392	L6_IT
chr7-12660000-12670000	chr7-14340000-14350000	human_union_439393	L6_IT
chr7-12660000-12670000	chr7-14450000-14460000	human_union_439394	L2_3_IT
chr7-12660000-12670000	chr7-14460000-14470000	human_union_439395	L4_5_IT
chr7-12660000-12670000	chr7-14590000-14600000	human_union_439396	SNCG
chr7-12660000-12670000	chr7-14660000-14670000	human_union_439397	L6b
chr7-12660000-12670000	chr7-14670000-14680000	human_union_439398	L5_IT
chr7-12660000-12670000	chr7-14690000-14700000	human_union_439399	OPC
chr7-12670000-12680000	chr7-13730000-13740000	human_union_439412	LAMP5
chr7-12670000-12680000	chr7-13940000-13950000	human_union_439413	L4_5_IT
chr7-12670000-12680000	chr7-13980000-13990000	human_union_439414	L4_5_IT
chr7-12670000-12680000	chr7-14110000-14120000	human_union_439415	L4_5_IT
chr7-12670000-12680000	chr7-14650000-14660000	human_union_439416	L2_3_IT
chr7-12670000-12680000	chr7-14670000-14680000	human_union_439417	VIP
chr7-12670000-12680000	chr7-15010000-15020000	human_union_439418	L5_6_NP
chr7-12680000-12690000	chr7-13730000-13740000	human_union_439440	L4_5_IT
chr7-12680000-12690000	chr7-13870000-13880000	human_union_439441	LAMP5
chr7-12680000-12690000	chr7-13990000-14000000	human_union_439442	LAMP5
chr7-12680000-12690000	chr7-14670000-14680000	human_union_439443	L4_5_IT
chr7-12680000-12690000	chr7-14680000-14690000	human_union_439444	LAMP5
chr7-12680000-12690000	chr7-15030000-15040000	human_union_439445	L4_5_IT
chr7-12830000-12840000	chr7-14940000-14950000	human_union_439727	L5_ET
chr7-12880000-12890000	chr7-14470000-14480000	human_union_439828	L5_IT
chr7-12880000-12890000	chr7-14670000-14680000	human_union_439829	L5_IT
chr7-12890000-12900000	chr7-15120000-15130000	human_union_439845	L6b
chr7-12900000-12910000	chr7-14660000-14670000	human_union_439885	L6b
chr7-12900000-12910000	chr7-14690000-14700000	human_union_439886	L4_5_IT
chr7-13020000-13030000	chr7-14660000-14670000	human_union_440316	L5_IT
chr7-13110000-13120000	chr7-14670000-14680000	human_union_440557	L5_IT
chr7-13180000-13190000	chr7-14670000-14680000	human_union_440908	L4_5_IT, L5_IT
chr7-13270000-13280000	chr7-13710000-13720000	human_union_441441	L6_CT
chr7-13270000-13280000	chr7-13840000-13850000	human_union_441442	L6_CT
chr7-13270000-13280000	chr7-13980000-13990000	human_union_441443	L6_CT
chr7-13270000-13280000	chr7-14280000-14290000	human_union_441444	ChC
chr7-13270000-13280000	chr7-14380000-14390000	human_union_441445	LAMP5
chr7-13270000-13280000	chr7-14600000-14610000	human_union_441446	LAMP5
chr7-13270000-13280000	chr7-15160000-15170000	human_union_441447	LAMP5
chr7-13270000-13280000	chr7-16050000-16060000	human_union_441448	SST
chr7-13270000-13280000	chr7-16560000-16570000	human_union_441449	LAMP5
chr7-13280000-13290000	chr7-13730000-13740000	human_union_441530	ODC
chr7-13280000-13290000	chr7-13870000-13880000	human_union_441531	L6_IT
chr7-13280000-13290000	chr7-13980000-13990000	human_union_441532	L6b
chr7-13280000-13290000	chr7-14000000-14010000	human_union_441533	OPC
chr7-13280000-13290000	chr7-14040000-14050000	human_union_441534	OPC
chr7-13280000-13290000	chr7-14130000-14140000	human_union_441535	L5_IT
chr7-13280000-13290000	chr7-14280000-14290000	human_union_441536	L5_IT
chr7-13280000-13290000	chr7-14340000-14350000	human_union_441537	OPC
chr7-13280000-13290000	chr7-14460000-14470000	human_union_441538	ODC
chr7-13280000-13290000	chr7-14600000-14610000	human_union_441539	OPC, PVALB
chr7-13280000-13290000	chr7-14670000-14680000	human_union_441540	L5_ET, L5_IT, L6_IT
chr7-13280000-13290000	chr7-14680000-14690000	human_union_441541	ASC, L4_5_IT, L6b, OPC, SST
chr7-13280000-13290000	chr7-14800000-14810000	human_union_441542	LAMP5
chr7-13280000-13290000	chr7-14820000-14830000	human_union_441543	PVALB
chr7-13280000-13290000	chr7-15010000-15020000	human_union_441544	L6_IT
chr7-13280000-13290000	chr7-15020000-15030000	human_union_441545	PVALB, SST
chr7-13280000-13290000	chr7-16040000-16050000	human_union_441546	SNCG
chr7-13280000-13290000	chr7-16070000-16080000	human_union_441547	L6b, PVALB
chr7-13280000-13290000	chr7-16550000-16560000	human_union_441548	SNCG
chr7-13280000-13290000	chr7-16560000-16570000	human_union_441549	PVALB
chr7-13290000-13300000	chr7-13670000-13680000	human_union_441571	L6b
chr7-13290000-13300000	chr7-13720000-13730000	human_union_441572	L6b, OPC, SNCG
chr7-13290000-13300000	chr7-13730000-13740000	human_union_441573	L2_3_IT, L5_IT, L6_IT, LAMP5, PVALB, VIP
chr7-13290000-13300000	chr7-13850000-13860000	human_union_441574	L5_IT
chr7-13290000-13300000	chr7-13860000-13870000	human_union_441575	L6b
chr7-13290000-13300000	chr7-13870000-13880000	human_union_441576	LAMP5
chr7-13290000-13300000	chr7-13880000-13890000	human_union_441577	L2_3_IT, L5_IT
chr7-13290000-13300000	chr7-13890000-13900000	human_union_441578	SNCG
chr7-13290000-13300000	chr7-13930000-13940000	human_union_441579	L6b
chr7-13290000-13300000	chr7-13940000-13950000	human_union_441580	L6_IT
chr7-13290000-13300000	chr7-13990000-14000000	human_union_441581	L6_IT, LAMP5
chr7-13290000-13300000	chr7-14010000-14020000	human_union_441582	SNCG
chr7-13290000-13300000	chr7-14020000-14030000	human_union_441583	L2_3_IT
chr7-13290000-13300000	chr7-14070000-14080000	human_union_441584	LAMP5
chr7-13290000-13300000	chr7-14100000-14110000	human_union_441585	L6_IT
chr7-13290000-13300000	chr7-14190000-14200000	human_union_441586	L6_IT
chr7-13290000-13300000	chr7-14200000-14210000	human_union_441587	L6b
chr7-13290000-13300000	chr7-14230000-14240000	human_union_441588	L5_IT
chr7-13290000-13300000	chr7-14240000-14250000	human_union_441589	LAMP5
chr7-13290000-13300000	chr7-14250000-14260000	human_union_441590	L6_IT
chr7-13290000-13300000	chr7-14330000-14340000	human_union_441591	SNCG
chr7-13290000-13300000	chr7-14350000-14360000	human_union_441592	ODC
chr7-13290000-13300000	chr7-14370000-14380000	human_union_441593	L6_IT, OPC
chr7-13290000-13300000	chr7-14390000-14400000	human_union_441594	PVALB
chr7-13290000-13300000	chr7-14400000-14410000	human_union_441595	L5_IT
chr7-13290000-13300000	chr7-14450000-14460000	human_union_441596	L5_ET, LAMP5, OPC, SST
chr7-13290000-13300000	chr7-14460000-14470000	human_union_441597	L4_5_IT, L5_IT, L6b, PVALB
chr7-13290000-13300000	chr7-14620000-14630000	human_union_441598	L2_3_IT, L6b
chr7-13290000-13300000	chr7-14670000-14680000	human_union_441599	LAMP5
chr7-13290000-13300000	chr7-14680000-14690000	human_union_441600	ODC, PVALB
chr7-13290000-13300000	chr7-14690000-14700000	human_union_441601	L5_6_NP, VIP
chr7-13290000-13300000	chr7-14790000-14800000	human_union_441602	L4_5_IT
chr7-13290000-13300000	chr7-14850000-14860000	human_union_441603	L5_IT
chr7-13290000-13300000	chr7-15000000-15010000	human_union_441604	L4_5_IT
chr7-13290000-13300000	chr7-15010000-15020000	human_union_441605	LAMP5
chr7-13290000-13300000	chr7-15020000-15030000	human_union_441606	L5_IT, ODC
chr7-13290000-13300000	chr7-15100000-15110000	human_union_441607	L5_IT
chr7-13290000-13300000	chr7-15110000-15120000	human_union_441608	L6_IT
chr7-13290000-13300000	chr7-15150000-15160000	human_union_441609	L5_6_NP
chr7-13290000-13300000	chr7-15260000-15270000	human_union_441610	SNCG
chr7-13290000-13300000	chr7-15320000-15330000	human_union_441611	LAMP5
chr7-13290000-13300000	chr7-15560000-15570000	human_union_441612	SNCG
chr7-13290000-13300000	chr7-15660000-15670000	human_union_441613	SNCG
chr7-13290000-13300000	chr7-16050000-16060000	human_union_441614	L6_IT, VIP
chr7-13290000-13300000	chr7-16060000-16070000	human_union_441615	L4_5_IT, LAMP5
chr7-13300000-13310000	chr7-13730000-13740000	human_union_441650	L4_5_IT
chr7-13300000-13310000	chr7-13810000-13820000	human_union_441651	L6_IT
chr7-13300000-13310000	chr7-13830000-13840000	human_union_441652	L5_6_NP
chr7-13300000-13310000	chr7-13940000-13950000	human_union_441653	L2_3_IT
chr7-13300000-13310000	chr7-14020000-14030000	human_union_441654	L6b
chr7-13300000-13310000	chr7-14030000-14040000	human_union_441655	L4_5_IT
chr7-13300000-13310000	chr7-14090000-14100000	human_union_441656	L5_IT
chr7-13300000-13310000	chr7-14150000-14160000	human_union_441657	LAMP5, SNCG
chr7-13300000-13310000	chr7-14310000-14320000	human_union_441658	L4_5_IT
chr7-13300000-13310000	chr7-14410000-14420000	human_union_441659	L6_CT
chr7-13300000-13310000	chr7-14460000-14470000	human_union_441660	L6_IT
chr7-13300000-13310000	chr7-14510000-14520000	human_union_441661	SNCG
chr7-13300000-13310000	chr7-14540000-14550000	human_union_441662	PVALB
chr7-13300000-13310000	chr7-14550000-14560000	human_union_441663	SST
chr7-13300000-13310000	chr7-14680000-14690000	human_union_441664	SNCG
chr7-13300000-13310000	chr7-14690000-14700000	human_union_441665	ChC
chr7-13300000-13310000	chr7-14900000-14910000	human_union_441666	L4_5_IT
chr7-13310000-13320000	chr7-13990000-14000000	human_union_441723	L5_IT
chr7-13310000-13320000	chr7-14680000-14690000	human_union_441724	L6_CT
chr7-13320000-13330000	chr7-13720000-13730000	human_union_441749	L6b
chr7-13320000-13330000	chr7-13890000-13900000	human_union_441750	L4_5_IT
chr7-13320000-13330000	chr7-13990000-14000000	human_union_441751	L4_5_IT
chr7-13320000-13330000	chr7-14450000-14460000	human_union_441752	L2_3_IT
chr7-13330000-13340000	chr7-14160000-14170000	human_union_441792	L4_5_IT
chr7-13340000-13350000	chr7-16060000-16070000	human_union_441828	PVALB
chr7-13360000-13370000	chr7-15010000-15020000	human_union_441913	L6_CT
chr7-13390000-13400000	chr7-14670000-14680000	human_union_441990	L6b
chr7-13410000-13420000	chr7-13710000-13720000	human_union_442015	L5_IT
chr7-13410000-13420000	chr7-13720000-13730000	human_union_442016	L6_IT
chr7-13410000-13420000	chr7-13850000-13860000	human_union_442017	L6b
chr7-13410000-13420000	chr7-14380000-14390000	human_union_442018	L6_IT
chr7-13410000-13420000	chr7-14670000-14680000	human_union_442019	L5_IT, L6_IT
chr7-13420000-13430000	chr7-13840000-13850000	human_union_442031	L6_IT
chr7-13420000-13430000	chr7-13940000-13950000	human_union_442032	L6_IT
chr7-13420000-13430000	chr7-14030000-14040000	human_union_442033	L6_IT
chr7-13420000-13430000	chr7-14450000-14460000	human_union_442034	L6_IT
chr7-13420000-13430000	chr7-16060000-16070000	human_union_442035	L6_IT
chr7-13430000-13440000	chr7-14450000-14460000	human_union_442038	PVALB
chr7-13440000-13450000	chr7-14610000-14620000	human_union_442039	L4_5_IT
chr7-13440000-13450000	chr7-14680000-14690000	human_union_442040	L4_5_IT
chr7-13450000-13460000	chr7-14440000-14450000	human_union_442072	L4_5_IT
chr7-13450000-13460000	chr7-14680000-14690000	human_union_442073	VIP
chr7-13450000-13460000	chr7-16070000-16080000	human_union_442074	OPC
chr7-13460000-13470000	chr7-14680000-14690000	human_union_442079	L5_6_NP
chr7-13470000-13480000	chr7-14670000-14680000	human_union_442113	L2_3_IT
chr7-13480000-13490000	chr7-14680000-14690000	human_union_442128	VIP
chr7-13490000-13500000	chr7-14300000-14310000	human_union_442140	L6_IT_CAR3
chr7-13490000-13500000	chr7-14630000-14640000	human_union_442141	L6_IT
chr7-13490000-13500000	chr7-14670000-14680000	human_union_442142	L6_IT
chr7-13500000-13510000	chr7-14680000-14690000	human_union_442152	L5_6_NP, LAMP5, SST
chr7-13510000-13520000	chr7-13920000-13930000	human_union_442155	L6_IT
chr7-13510000-13520000	chr7-14000000-14010000	human_union_442156	L5_6_NP
chr7-13510000-13520000	chr7-14170000-14180000	human_union_442157	L6b
chr7-13510000-13520000	chr7-14450000-14460000	human_union_442158	L5_IT
chr7-13510000-13520000	chr7-14670000-14680000	human_union_442159	L6b
chr7-13510000-13520000	chr7-14680000-14690000	human_union_442160	VIP
chr7-13520000-13530000	chr7-13760000-13770000	human_union_442164	L5_IT
chr7-13520000-13530000	chr7-13860000-13870000	human_union_442165	L6_IT
chr7-13520000-13530000	chr7-14450000-14460000	human_union_442166	L2_3_IT, L4_5_IT, L6_IT
chr7-13520000-13530000	chr7-14460000-14470000	human_union_442167	L6b, OPC
chr7-13520000-13530000	chr7-14510000-14520000	human_union_442168	LAMP5, OPC
chr7-13520000-13530000	chr7-14580000-14590000	human_union_442169	LAMP5
chr7-13520000-13530000	chr7-14630000-14640000	human_union_442170	L6_IT
chr7-13520000-13530000	chr7-14660000-14670000	human_union_442171	L2_3_IT, L5_IT
chr7-13520000-13530000	chr7-14670000-14680000	human_union_442172	L4_5_IT
chr7-13520000-13530000	chr7-14680000-14690000	human_union_442173	ODC
chr7-13520000-13530000	chr7-15010000-15020000	human_union_442174	LAMP5
chr7-13520000-13530000	chr7-16560000-16570000	human_union_442175	SNCG
chr7-13530000-13540000	chr7-14180000-14190000	human_union_442234	L6_IT
chr7-13530000-13540000	chr7-14190000-14200000	human_union_442235	L5_IT
chr7-13530000-13540000	chr7-14260000-14270000	human_union_442236	L5_6_NP
chr7-13530000-13540000	chr7-14380000-14390000	human_union_442237	L5_6_NP
chr7-13530000-13540000	chr7-14540000-14550000	human_union_442238	L5_IT
chr7-13530000-13540000	chr7-14690000-14700000	human_union_442239	PVALB
chr7-13530000-13540000	chr7-14840000-14850000	human_union_442240	OPC
chr7-13540000-13550000	chr7-14000000-14010000	human_union_442251	L2_3_IT
chr7-13540000-13550000	chr7-14040000-14050000	human_union_442252	OPC
chr7-13540000-13550000	chr7-14150000-14160000	human_union_442253	OPC
chr7-13540000-13550000	chr7-14360000-14370000	human_union_442254	OPC
chr7-13540000-13550000	chr7-14610000-14620000	human_union_442255	OPC
chr7-13540000-13550000	chr7-14670000-14680000	human_union_442256	OPC
chr7-13540000-13550000	chr7-14950000-14960000	human_union_442257	OPC
chr7-13550000-13560000	chr7-14680000-14690000	human_union_442266	L6_IT
chr7-13580000-13590000	chr7-13900000-13910000	human_union_442397	L5_6_NP
chr7-13580000-13590000	chr7-14670000-14680000	human_union_442398	L5_IT
chr7-13620000-13630000	chr7-14460000-14470000	human_union_442503	L4_5_IT
chr7-13630000-13640000	chr7-14620000-14630000	human_union_442519	L4_5_IT
chr7-13650000-13660000	chr7-14680000-14690000	human_union_442557	L6_IT
chr7-13660000-13670000	chr7-14470000-14480000	human_union_442562	L6_IT
chr7-13660000-13670000	chr7-14630000-14640000	human_union_442563	L6_IT
chr7-13680000-13690000	chr7-14680000-14690000	human_union_442603	OPC
chr7-13690000-13700000	chr7-14350000-14360000	human_union_442629	OPC
chr7-13710000-13720000	chr7-14460000-14470000	human_union_442651	L6b
chr7-13710000-13720000	chr7-14660000-14670000	human_union_442652	L6b
chr7-13710000-13720000	chr7-15020000-15030000	human_union_442653	OPC
chr7-13720000-13730000	chr7-14460000-14470000	human_union_442667	L4_5_IT, L5_IT, L6_IT
chr7-13720000-13730000	chr7-14630000-14640000	human_union_442668	L6_IT
chr7-13720000-13730000	chr7-14680000-14690000	human_union_442669	PVALB
chr7-13730000-13740000	chr7-14360000-14370000	human_union_442679	L4_5_IT
chr7-13730000-13740000	chr7-14390000-14400000	human_union_442680	L6_IT
chr7-13730000-13740000	chr7-14450000-14460000	human_union_442681	L2_3_IT, PVALB
chr7-13730000-13740000	chr7-14460000-14470000	human_union_442682	L5_6_NP
chr7-13730000-13740000	chr7-14620000-14630000	human_union_442683	L4_5_IT
chr7-13730000-13740000	chr7-14660000-14670000	human_union_442684	L6_CT
chr7-13730000-13740000	chr7-14670000-14680000	human_union_442685	L4_5_IT, L5_IT, L6_IT, LAMP5, SNCG
chr7-13730000-13740000	chr7-14680000-14690000	human_union_442686	ODC, OPC
chr7-13730000-13740000	chr7-14690000-14700000	human_union_442687	L5_6_NP
chr7-13730000-13740000	chr7-16060000-16070000	human_union_442688	SNCG
chr7-13740000-13750000	chr7-14210000-14220000	human_union_442694	L5_IT
chr7-13740000-13750000	chr7-14590000-14600000	human_union_442695	SNCG
chr7-13750000-13760000	chr7-14460000-14470000	human_union_442704	LAMP5
chr7-13750000-13760000	chr7-14570000-14580000	human_union_442705	LAMP5
chr7-13770000-13780000	chr7-14380000-14390000	human_union_442784	L5_IT
chr7-13830000-13840000	chr7-14030000-14040000	human_union_442921	L6_IT_CAR3
chr7-13830000-13840000	chr7-14450000-14460000	human_union_442922	L4_5_IT
chr7-13830000-13840000	chr7-14670000-14680000	human_union_442923	L4_5_IT
chr7-13840000-13850000	chr7-14280000-14290000	human_union_442928	L5_IT
chr7-13840000-13850000	chr7-14380000-14390000	human_union_442929	L5_IT
chr7-13840000-13850000	chr7-14660000-14670000	human_union_442930	L6_CT
chr7-13850000-13860000	chr7-14210000-14220000	human_union_442941	L5_IT
chr7-13850000-13860000	chr7-14670000-14680000	human_union_442942	L6_IT
chr7-13850000-13860000	chr7-16060000-16070000	human_union_442943	L6_IT
chr7-13860000-13870000	chr7-14460000-14470000	human_union_442946	ASC, L5_IT
chr7-13860000-13870000	chr7-14630000-14640000	human_union_442947	L5_IT
chr7-13870000-13880000	chr7-13950000-13960000	human_union_442949	LAMP5
chr7-13870000-13880000	chr7-14450000-14460000	human_union_442950	L2_3_IT, LAMP5
chr7-13870000-13880000	chr7-14460000-14470000	human_union_442951	OPC
chr7-13870000-13880000	chr7-14610000-14620000	human_union_442952	LAMP5
chr7-13870000-13880000	chr7-14670000-14680000	human_union_442953	LAMP5
chr7-13880000-13890000	chr7-14450000-14460000	human_union_442960	L6_IT
chr7-13900000-13910000	chr7-15000000-15010000	human_union_442984	L5_6_NP
chr7-13900000-13910000	chr7-16060000-16070000	human_union_442985	L5_6_NP
chr7-13910000-13920000	chr7-13970000-13980000	human_union_442989	L5_6_NP
chr7-13910000-13920000	chr7-14160000-14170000	human_union_442990	L6b
chr7-13910000-13920000	chr7-14450000-14460000	human_union_442991	L5_6_NP
chr7-13910000-13920000	chr7-14620000-14630000	human_union_442992	L5_6_NP
chr7-13910000-13920000	chr7-14680000-14690000	human_union_442993	L6b
chr7-13930000-13940000	chr7-14670000-14680000	human_union_442995	L5_ET
chr7-13930000-13940000	chr7-14680000-14690000	human_union_442996	L5_6_NP
chr7-13940000-13950000	chr7-14390000-14400000	human_union_443005	L6_IT
chr7-13940000-13950000	chr7-14450000-14460000	human_union_443006	L6_CT, L6b
chr7-13940000-13950000	chr7-14630000-14640000	human_union_443007	L6_IT
chr7-13950000-13960000	chr7-14450000-14460000	human_union_443066	PVALB
chr7-13950000-13960000	chr7-14670000-14680000	human_union_443067	L4_5_IT
chr7-13960000-13970000	chr7-14160000-14170000	human_union_443092	LAMP5
chr7-13960000-13970000	chr7-14180000-14190000	human_union_443093	L4_5_IT
chr7-13960000-13970000	chr7-14210000-14220000	human_union_443094	L4_5_IT
chr7-13960000-13970000	chr7-14680000-14690000	human_union_443095	OPC
chr7-13960000-13970000	chr7-16060000-16070000	human_union_443096	L5_6_NP
chr7-13970000-13980000	chr7-14070000-14080000	human_union_443152	LAMP5
chr7-13970000-13980000	chr7-14400000-14410000	human_union_443153	LAMP5
chr7-13970000-13980000	chr7-14460000-14470000	human_union_443154	LAMP5
chr7-13970000-13980000	chr7-14620000-14630000	human_union_443155	L2_3_IT, LAMP5
chr7-13980000-13990000	chr7-14040000-14050000	human_union_443187	L6_IT_CAR3
chr7-13980000-13990000	chr7-14250000-14260000	human_union_443188	LAMP5
chr7-13980000-13990000	chr7-14260000-14270000	human_union_443189	L5_6_NP
chr7-13980000-13990000	chr7-14280000-14290000	human_union_443190	L6b
chr7-13980000-13990000	chr7-14380000-14390000	human_union_443191	L5_6_NP
chr7-13980000-13990000	chr7-14450000-14460000	human_union_443192	L6b
chr7-13980000-13990000	chr7-14620000-14630000	human_union_443193	L5_IT, L6b
chr7-13980000-13990000	chr7-14660000-14670000	human_union_443194	L4_5_IT
chr7-13980000-13990000	chr7-15010000-15020000	human_union_443195	LAMP5
chr7-13990000-14000000	chr7-14100000-14110000	human_union_443208	L6_CT
chr7-13990000-14000000	chr7-14160000-14170000	human_union_443209	L5_6_NP
chr7-13990000-14000000	chr7-14200000-14210000	human_union_443210	L6_CT
chr7-13990000-14000000	chr7-14210000-14220000	human_union_443211	LAMP5
chr7-13990000-14000000	chr7-14340000-14350000	human_union_443212	LAMP5
chr7-13990000-14000000	chr7-14390000-14400000	human_union_443213	L4_5_IT, L5_IT
chr7-13990000-14000000	chr7-14620000-14630000	human_union_443214	L4_5_IT
chr7-13990000-14000000	chr7-14640000-14650000	human_union_443215	L6_IT
chr7-13990000-14000000	chr7-14660000-14670000	human_union_443216	L5_ET, L5_IT
chr7-13990000-14000000	chr7-14670000-14680000	human_union_443217	LAMP5
chr7-14000000-14010000	chr7-14180000-14190000	human_union_443228	L6_IT
chr7-14000000-14010000	chr7-14190000-14200000	human_union_443229	OPC
chr7-14000000-14010000	chr7-14210000-14220000	human_union_443230	L2_3_IT
chr7-14000000-14010000	chr7-14270000-14280000	human_union_443231	L6_IT
chr7-14000000-14010000	chr7-14280000-14290000	human_union_443232	L4_5_IT
chr7-14000000-14010000	chr7-14440000-14450000	human_union_443233	L5_6_NP, L6_CT
chr7-14000000-14010000	chr7-14450000-14460000	human_union_443234	L2_3_IT, L4_5_IT, L6_IT, OPC
chr7-14000000-14010000	chr7-14460000-14470000	human_union_443235	L5_IT
chr7-14000000-14010000	chr7-14530000-14540000	human_union_443236	L2_3_IT
chr7-14000000-14010000	chr7-14670000-14680000	human_union_443237	L6_CT
chr7-14010000-14020000	chr7-14270000-14280000	human_union_443265	L6_CT
chr7-14010000-14020000	chr7-14280000-14290000	human_union_443266	L2_3_IT, L5_IT
chr7-14020000-14030000	chr7-14080000-14090000	human_union_443290	L6b
chr7-14020000-14030000	chr7-14090000-14100000	human_union_443291	L5_IT
chr7-14020000-14030000	chr7-14100000-14110000	human_union_443292	L4_5_IT
chr7-14020000-14030000	chr7-14170000-14180000	human_union_443293	L6b
chr7-14020000-14030000	chr7-14190000-14200000	human_union_443294	L5_IT
chr7-14020000-14030000	chr7-14530000-14540000	human_union_443295	L6_CT
chr7-14030000-14040000	chr7-14180000-14190000	human_union_443303	L4_5_IT
chr7-14070000-14080000	chr7-14190000-14200000	human_union_443394	LAMP5
chr7-14070000-14080000	chr7-14450000-14460000	human_union_443395	LAMP5
chr7-14080000-14090000	chr7-14190000-14200000	human_union_443425	L5_IT
chr7-14080000-14090000	chr7-14290000-14300000	human_union_443426	L6b
chr7-14080000-14090000	chr7-14390000-14400000	human_union_443427	LAMP5
chr7-14090000-14100000	chr7-14160000-14170000	human_union_443461	L5_IT, L6b
chr7-14090000-14100000	chr7-14170000-14180000	human_union_443462	L6_CT
chr7-14090000-14100000	chr7-14280000-14290000	human_union_443463	L5_IT, L6_CT
chr7-14090000-14100000	chr7-14380000-14390000	human_union_443464	L6_IT_CAR3
chr7-14090000-14100000	chr7-14440000-14450000	human_union_443465	L4_5_IT
chr7-14090000-14100000	chr7-14450000-14460000	human_union_443466	L5_IT
chr7-14090000-14100000	chr7-14620000-14630000	human_union_443467	L6b
chr7-14090000-14100000	chr7-15010000-15020000	human_union_443468	L5_6_NP
chr7-14100000-14110000	chr7-14440000-14450000	human_union_443496	L6_IT
chr7-14110000-14120000	chr7-14620000-14630000	human_union_443553	L5_IT
chr7-14150000-14160000	chr7-14210000-14220000	human_union_443602	LAMP5
chr7-14150000-14160000	chr7-14680000-14690000	human_union_443603	LAMP5
chr7-14160000-14170000	chr7-14440000-14450000	human_union_443604	L4_5_IT
chr7-14160000-14170000	chr7-14620000-14630000	human_union_443605	L5_6_NP
chr7-14170000-14180000	chr7-14280000-14290000	human_union_443606	L5_IT
chr7-14170000-14180000	chr7-14290000-14300000	human_union_443607	L6b
chr7-14170000-14180000	chr7-14380000-14390000	human_union_443608	L4_5_IT, L5_6_NP
chr7-14170000-14180000	chr7-14400000-14410000	human_union_443609	L6_CT
chr7-14170000-14180000	chr7-14450000-14460000	human_union_443610	L2_3_IT, L5_6_NP, L6b
chr7-14170000-14180000	chr7-14540000-14550000	human_union_443611	L6_CT
chr7-14170000-14180000	chr7-14660000-14670000	human_union_443612	L6_CT
chr7-14180000-14190000	chr7-14350000-14360000	human_union_443613	SNCG
chr7-14180000-14190000	chr7-14400000-14410000	human_union_443614	L5_IT
chr7-14180000-14190000	chr7-14450000-14460000	human_union_443615	L6_IT
chr7-14180000-14190000	chr7-14630000-14640000	human_union_443616	L6_IT
chr7-14180000-14190000	chr7-14670000-14680000	human_union_443617	L6b
chr7-14190000-14200000	chr7-14270000-14280000	human_union_443620	L6_IT
chr7-14190000-14200000	chr7-14450000-14460000	human_union_443621	L5_IT
chr7-14200000-14210000	chr7-14260000-14270000	human_union_443622	OPC
chr7-14200000-14210000	chr7-14340000-14350000	human_union_443623	LAMP5
chr7-14200000-14210000	chr7-14450000-14460000	human_union_443624	L6_CT
chr7-14210000-14220000	chr7-14390000-14400000	human_union_443626	LAMP5
chr7-14210000-14220000	chr7-14440000-14450000	human_union_443627	L4_5_IT
chr7-14240000-14250000	chr7-14610000-14620000	human_union_443628	LAMP5
chr7-14270000-14280000	chr7-14380000-14390000	human_union_443629	L6_CT
chr7-14270000-14280000	chr7-14450000-14460000	human_union_443630	L5_IT
chr7-14280000-14290000	chr7-14380000-14390000	human_union_443631	L6_IT_CAR3
chr7-14280000-14290000	chr7-14450000-14460000	human_union_443632	L2_3_IT, L6_IT, L6b
chr7-14290000-14300000	chr7-14400000-14410000	human_union_443633	L6b
chr7-14320000-14330000	chr7-14680000-14690000	human_union_443635	L5_6_NP
chr7-14450000-14460000	chr7-14530000-14540000	human_union_443698	L6_CT
chr7-14460000-14470000	chr7-14630000-14640000	human_union_443756	L6_IT
chr7-14690000-14700000	chr7-16240000-16250000	human_union_444217	L6_CT
chr7-14710000-14720000	chr7-15000000-15010000	human_union_444277	OPC
chr7-14710000-14720000	chr7-15110000-15120000	human_union_444278	L5_6_NP
chr7-14710000-14720000	chr7-15590000-15600000	human_union_444279	L6b
chr7-14710000-14720000	chr7-15660000-15670000	human_union_444280	L5_6_NP
chr7-14710000-14720000	chr7-15720000-15730000	human_union_444281	L5_6_NP
chr7-14710000-14720000	chr7-15870000-15880000	human_union_444282	L6b
chr7-14710000-14720000	chr7-16070000-16080000	human_union_444283	L6b
chr7-14710000-14720000	chr7-16560000-16570000	human_union_444284	L4_5_IT
chr7-14720000-14730000	chr7-14910000-14920000	human_union_444299	L5_6_NP
chr7-14720000-14730000	chr7-15010000-15020000	human_union_444300	ChC, L5_6_NP, L6_CT, L6_IT, ODC, PVALB
chr7-14720000-14730000	chr7-15020000-15030000	human_union_444301	L4_5_IT, L6b, SST
chr7-14720000-14730000	chr7-15100000-15110000	human_union_444302	L6_IT_CAR3
chr7-14720000-14730000	chr7-15290000-15300000	human_union_444303	L6_IT
chr7-14720000-14730000	chr7-15310000-15320000	human_union_444304	L6_CT
chr7-14720000-14730000	chr7-15580000-15590000	human_union_444305	L5_6_NP
chr7-14720000-14730000	chr7-15670000-15680000	human_union_444306	L6b
chr7-14720000-14730000	chr7-15710000-15720000	human_union_444307	L5_IT, L6b
chr7-14720000-14730000	chr7-15780000-15790000	human_union_444308	L6b
chr7-14720000-14730000	chr7-16060000-16070000	human_union_444309	L2_3_IT, L4_5_IT, L5_6_NP, PVALB, SST
chr7-14720000-14730000	chr7-16560000-16570000	human_union_444310	LAMP5, VIP
chr7-14720000-14730000	chr7-16570000-16580000	human_union_444311	L5_6_NP, L6_IT, PVALB
chr7-14730000-14740000	chr7-14890000-14900000	human_union_444341	L2_3_IT, L6b
chr7-14730000-14740000	chr7-14910000-14920000	human_union_444342	L4_5_IT, LAMP5
chr7-14730000-14740000	chr7-14970000-14980000	human_union_444343	L2_3_IT
chr7-14730000-14740000	chr7-15000000-15010000	human_union_444344	L5_IT, L6_IT_CAR3, VIP
chr7-14730000-14740000	chr7-15010000-15020000	human_union_444345	L2_3_IT
chr7-14730000-14740000	chr7-15020000-15030000	human_union_444346	ASC
chr7-14730000-14740000	chr7-15090000-15100000	human_union_444347	LAMP5
chr7-14730000-14740000	chr7-15100000-15110000	human_union_444348	OPC
chr7-14730000-14740000	chr7-15110000-15120000	human_union_444349	L6b
chr7-14730000-14740000	chr7-15140000-15150000	human_union_444350	L4_5_IT, L6_IT
chr7-14730000-14740000	chr7-15150000-15160000	human_union_444351	L6b
chr7-14730000-14740000	chr7-15170000-15180000	human_union_444352	L4_5_IT
chr7-14730000-14740000	chr7-15240000-15250000	human_union_444353	L6_CT, LAMP5
chr7-14730000-14740000	chr7-15260000-15270000	human_union_444354	L5_IT
chr7-14730000-14740000	chr7-15300000-15310000	human_union_444355	L5_IT
chr7-14730000-14740000	chr7-15350000-15360000	human_union_444356	L5_IT
chr7-14730000-14740000	chr7-15360000-15370000	human_union_444357	L6_IT
chr7-14730000-14740000	chr7-15420000-15430000	human_union_444358	OPC
chr7-14730000-14740000	chr7-15590000-15600000	human_union_444359	L5_IT, OPC
chr7-14730000-14740000	chr7-15600000-15610000	human_union_444360	L6_IT
chr7-14730000-14740000	chr7-15670000-15680000	human_union_444361	L6_CT, OPC
chr7-14730000-14740000	chr7-15740000-15750000	human_union_444362	OPC
chr7-14730000-14740000	chr7-15770000-15780000	human_union_444363	L6_IT
chr7-14730000-14740000	chr7-15790000-15800000	human_union_444364	L5_IT
chr7-14730000-14740000	chr7-15800000-15810000	human_union_444365	LAMP5
chr7-14730000-14740000	chr7-15810000-15820000	human_union_444366	L6_IT
chr7-14730000-14740000	chr7-15880000-15890000	human_union_444367	L5_IT
chr7-14730000-14740000	chr7-15910000-15920000	human_union_444368	L2_3_IT, LAMP5
chr7-14730000-14740000	chr7-15930000-15940000	human_union_444369	L5_6_NP
chr7-14730000-14740000	chr7-16000000-16010000	human_union_444370	LAMP5
chr7-14730000-14740000	chr7-16060000-16070000	human_union_444371	L5_IT, L6_CT, L6_IT, LAMP5
chr7-14730000-14740000	chr7-16070000-16080000	human_union_444372	ODC, OPC, VIP
chr7-14730000-14740000	chr7-16350000-16360000	human_union_444373	L5_IT
chr7-14730000-14740000	chr7-16410000-16420000	human_union_444374	L5_IT
chr7-14730000-14740000	chr7-16440000-16450000	human_union_444375	L5_IT
chr7-14730000-14740000	chr7-16460000-16470000	human_union_444376	L4_5_IT
chr7-14730000-14740000	chr7-16470000-16480000	human_union_444377	L6_IT
chr7-14730000-14740000	chr7-16480000-16490000	human_union_444378	SST
chr7-14730000-14740000	chr7-16550000-16560000	human_union_444379	SST
chr7-14730000-14740000	chr7-16560000-16570000	human_union_444380	OPC
chr7-14730000-14740000	chr7-16580000-16590000	human_union_444381	L2_3_IT
chr7-14740000-14750000	chr7-14840000-14850000	human_union_444388	VIP
chr7-14740000-14750000	chr7-14890000-14900000	human_union_444389	L6_CT, SNCG
chr7-14740000-14750000	chr7-14900000-14910000	human_union_444390	L5_IT
chr7-14740000-14750000	chr7-15020000-15030000	human_union_444391	LAMP5
chr7-14740000-14750000	chr7-15130000-15140000	human_union_444392	L2_3_IT
chr7-14740000-14750000	chr7-15360000-15370000	human_union_444393	SNCG
chr7-14740000-14750000	chr7-15580000-15590000	human_union_444394	SNCG
chr7-14740000-14750000	chr7-15860000-15870000	human_union_444395	L6_CT
chr7-14740000-14750000	chr7-16060000-16070000	human_union_444396	SNCG
chr7-14740000-14750000	chr7-16540000-16550000	human_union_444397	L5_IT
chr7-14750000-14760000	chr7-14830000-14840000	human_union_444429	L5_IT
chr7-14750000-14760000	chr7-14900000-14910000	human_union_444430	L6_IT, OPC, VIP
chr7-14750000-14760000	chr7-15020000-15030000	human_union_444431	SNCG
chr7-14750000-14760000	chr7-15100000-15110000	human_union_444432	L5_IT
chr7-14750000-14760000	chr7-15250000-15260000	human_union_444433	SNCG
chr7-14750000-14760000	chr7-15710000-15720000	human_union_444434	L6_IT
chr7-14750000-14760000	chr7-15910000-15920000	human_union_444435	L6_IT
chr7-14750000-14760000	chr7-16330000-16340000	human_union_444436	L6_CT
chr7-14760000-14770000	chr7-14820000-14830000	human_union_444463	LAMP5
chr7-14760000-14770000	chr7-14840000-14850000	human_union_444464	L2_3_IT, L6_IT
chr7-14760000-14770000	chr7-14890000-14900000	human_union_444465	L2_3_IT
chr7-14770000-14780000	chr7-14840000-14850000	human_union_444487	L6b
chr7-14770000-14780000	chr7-14890000-14900000	human_union_444488	L6b
chr7-14780000-14790000	chr7-16060000-16070000	human_union_444500	SST
chr7-14790000-14800000	chr7-16070000-16080000	human_union_444514	L4_5_IT
chr7-14800000-14810000	chr7-16070000-16080000	human_union_444519	VIP
chr7-14810000-14820000	chr7-14900000-14910000	human_union_444526	L5_IT
chr7-14810000-14820000	chr7-16070000-16080000	human_union_444527	L6_IT
chr7-14820000-14830000	chr7-14900000-14910000	human_union_444528	L6_IT
chr7-14820000-14830000	chr7-15630000-15640000	human_union_444529	L5_IT
chr7-14830000-14840000	chr7-14900000-14910000	human_union_444530	L2_3_IT, L6_CT
chr7-14830000-14840000	chr7-15000000-15010000	human_union_444531	L6_IT_CAR3
chr7-14830000-14840000	chr7-15010000-15020000	human_union_444532	L2_3_IT
chr7-14830000-14840000	chr7-15130000-15140000	human_union_444533	L2_3_IT
chr7-14830000-14840000	chr7-16060000-16070000	human_union_444534	L2_3_IT
chr7-14830000-14840000	chr7-16580000-16590000	human_union_444535	L6_IT
chr7-14840000-14850000	chr7-14960000-14970000	human_union_444536	L2_3_IT
chr7-14840000-14850000	chr7-15010000-15020000	human_union_444537	L6_CT
chr7-14870000-14880000	chr7-15120000-15130000	human_union_444561	L5_IT
chr7-14870000-14880000	chr7-16070000-16080000	human_union_444562	LAMP5
chr7-14880000-14890000	chr7-14970000-14980000	human_union_444585	L6b
chr7-14880000-14890000	chr7-16050000-16060000	human_union_444586	L4_5_IT
chr7-14890000-14900000	chr7-14970000-14980000	human_union_444589	L2_3_IT, L4_5_IT
chr7-14890000-14900000	chr7-15020000-15030000	human_union_444590	SNCG
chr7-14890000-14900000	chr7-16060000-16070000	human_union_444591	L5_IT
chr7-14890000-14900000	chr7-16070000-16080000	human_union_444592	L6b
chr7-14890000-14900000	chr7-16570000-16580000	human_union_444593	L4_5_IT
chr7-14890000-14900000	chr7-16580000-16590000	human_union_444594	PVALB
chr7-14900000-14910000	chr7-16060000-16070000	human_union_444597	L2_3_IT, PVALB, SNCG, VIP
chr7-14910000-14920000	chr7-14980000-14990000	human_union_444602	L5_IT
chr7-14910000-14920000	chr7-15010000-15020000	human_union_444603	L6_CT, LAMP5
chr7-14910000-14920000	chr7-16560000-16570000	human_union_444604	L5_IT, L6_CT
chr7-14910000-14920000	chr7-16570000-16580000	human_union_444605	L6b
chr7-14920000-14930000	chr7-16050000-16060000	human_union_444621	L6_IT
chr7-14920000-14930000	chr7-16060000-16070000	human_union_444622	LAMP5
chr7-14940000-14950000	chr7-16060000-16070000	human_union_444679	OPC
chr7-14940000-14950000	chr7-16070000-16080000	human_union_444680	VIP
chr7-14950000-14960000	chr7-16560000-16570000	human_union_444708	OPC
chr7-14980000-14990000	chr7-15640000-15650000	human_union_444741	L5_IT
chr7-14990000-15000000	chr7-16060000-16070000	human_union_444774	L2_3_IT, L5_IT
chr7-15000000-15010000	chr7-16010000-16020000	human_union_444775	LAMP5
chr7-15000000-15010000	chr7-16070000-16080000	human_union_444776	L6_CT
chr7-15000000-15010000	chr7-16560000-16570000	human_union_444777	LAMP5
chr7-15010000-15020000	chr7-15580000-15590000	human_union_444780	L5_6_NP
chr7-15010000-15020000	chr7-16060000-16070000	human_union_444781	LAMP5, PVALB
chr7-15010000-15020000	chr7-16080000-16090000	human_union_444782	L6b
chr7-15010000-15020000	chr7-16570000-16580000	human_union_444783	L6_IT
chr7-15020000-15030000	chr7-16060000-16070000	human_union_444784	L6_IT, SST, VIP
chr7-15020000-15030000	chr7-16070000-16080000	human_union_444785	SNCG
chr7-15020000-15030000	chr7-16550000-16560000	human_union_444786	SST
chr7-15020000-15030000	chr7-16560000-16570000	human_union_444787	PVALB
chr7-15030000-15040000	chr7-15700000-15710000	human_union_444790	L6b
chr7-15030000-15040000	chr7-16050000-16060000	human_union_444791	L4_5_IT
chr7-15030000-15040000	chr7-16070000-16080000	human_union_444792	OPC
chr7-15030000-15040000	chr7-16530000-16540000	human_union_444793	L4_5_IT
chr7-15040000-15050000	chr7-15860000-15870000	human_union_444835	OPC
chr7-15040000-15050000	chr7-16560000-16570000	human_union_444836	L6b
chr7-15080000-15090000	chr7-16070000-16080000	human_union_444910	VIP
chr7-15110000-15120000	chr7-16580000-16590000	human_union_444948	VIP
chr7-15120000-15130000	chr7-15630000-15640000	human_union_444965	L5_IT
chr7-15120000-15130000	chr7-16080000-16090000	human_union_444966	L6_IT
chr7-15120000-15130000	chr7-16560000-16570000	human_union_444967	L4_5_IT
chr7-15130000-15140000	chr7-16060000-16070000	human_union_445003	L5_IT
chr7-15130000-15140000	chr7-16070000-16080000	human_union_445004	PVALB
chr7-15130000-15140000	chr7-16550000-16560000	human_union_445005	L5_IT
chr7-15140000-15150000	chr7-16060000-16070000	human_union_445058	L2_3_IT
chr7-15140000-15150000	chr7-16070000-16080000	human_union_445059	VIP
chr7-15140000-15150000	chr7-16570000-16580000	human_union_445060	L2_3_IT, L6_IT
chr7-15150000-15160000	chr7-16060000-16070000	human_union_445090	LAMP5
chr7-15170000-15180000	chr7-15730000-15740000	human_union_445140	ODC
chr7-15170000-15180000	chr7-16550000-16560000	human_union_445141	LAMP5, SST
chr7-15170000-15180000	chr7-16580000-16590000	human_union_445142	ODC
chr7-15180000-15190000	chr7-16060000-16070000	human_union_445182	PVALB, SNCG
chr7-15180000-15190000	chr7-16070000-16080000	human_union_445183	SST
chr7-15180000-15190000	chr7-16560000-16570000	human_union_445184	L4_5_IT, PVALB
chr7-15190000-15200000	chr7-16060000-16070000	human_union_445205	L5_IT, L6_IT, L6b, ODC
chr7-15190000-15200000	chr7-16250000-16260000	human_union_445206	L6_IT
chr7-15190000-15200000	chr7-16560000-16570000	human_union_445207	L6b
chr7-15200000-15210000	chr7-15590000-15600000	human_union_445217	OPC
chr7-15200000-15210000	chr7-16050000-16060000	human_union_445218	VIP
chr7-15200000-15210000	chr7-16060000-16070000	human_union_445219	L4_5_IT
chr7-15200000-15210000	chr7-16260000-16270000	human_union_445220	L6b
chr7-15210000-15220000	chr7-16060000-16070000	human_union_445232	LAMP5
chr7-15210000-15220000	chr7-16550000-16560000	human_union_445233	SST
chr7-15210000-15220000	chr7-16560000-16570000	human_union_445234	L6_IT
chr7-15210000-15220000	chr7-16570000-16580000	human_union_445235	LAMP5
chr7-15220000-15230000	chr7-16070000-16080000	human_union_445248	SST
chr7-15230000-15240000	chr7-16080000-16090000	human_union_445253	L4_5_IT
chr7-15240000-15250000	chr7-16060000-16070000	human_union_445254	LAMP5
chr7-15240000-15250000	chr7-16560000-16570000	human_union_445255	OPC
chr7-15250000-15260000	chr7-16060000-16070000	human_union_445256	SNCG
chr7-15270000-15280000	chr7-16560000-16570000	human_union_445260	L4_5_IT
chr7-15290000-15300000	chr7-15890000-15900000	human_union_445307	ODC
chr7-15290000-15300000	chr7-16050000-16060000	human_union_445308	L2_3_IT
chr7-15290000-15300000	chr7-16070000-16080000	human_union_445309	Endo
chr7-15290000-15300000	chr7-16550000-16560000	human_union_445310	L6_IT
chr7-15300000-15310000	chr7-16060000-16070000	human_union_445328	L5_IT, L6_CT, ODC
chr7-15300000-15310000	chr7-16180000-16190000	human_union_445329	L6_CT
chr7-15300000-15310000	chr7-16550000-16560000	human_union_445330	L5_IT
chr7-15300000-15310000	chr7-16560000-16570000	human_union_445331	ODC
chr7-15310000-15320000	chr7-15710000-15720000	human_union_445349	ODC
chr7-15310000-15320000	chr7-15720000-15730000	human_union_445350	L5_6_NP
chr7-15310000-15320000	chr7-15840000-15850000	human_union_445351	L6_CT
chr7-15310000-15320000	chr7-16060000-16070000	human_union_445352	L4_5_IT
chr7-15310000-15320000	chr7-16070000-16080000	human_union_445353	L6_IT, L6_IT_CAR3, OPC
chr7-15320000-15330000	chr7-15460000-15470000	human_union_445393	ODC
chr7-15320000-15330000	chr7-15560000-15570000	human_union_445394	ODC
chr7-15320000-15330000	chr7-16060000-16070000	human_union_445395	PVALB, SNCG, VIP
chr7-15320000-15330000	chr7-16070000-16080000	human_union_445396	LAMP5
chr7-15320000-15330000	chr7-16560000-16570000	human_union_445397	LAMP5
chr7-15320000-15330000	chr7-16570000-16580000	human_union_445398	L2_3_IT
chr7-15330000-15340000	chr7-15640000-15650000	human_union_445401	L6b
chr7-15330000-15340000	chr7-15810000-15820000	human_union_445402	OPC
chr7-15330000-15340000	chr7-16060000-16070000	human_union_445403	L6b
chr7-15330000-15340000	chr7-16070000-16080000	human_union_445404	ASC
chr7-15330000-15340000	chr7-16560000-16570000	human_union_445405	PVALB
chr7-15340000-15350000	chr7-15580000-15590000	human_union_445439	OPC
chr7-15340000-15350000	chr7-15850000-15860000	human_union_445440	L5_IT
chr7-15350000-15360000	chr7-16270000-16280000	human_union_445444	OPC
chr7-15350000-15360000	chr7-16560000-16570000	human_union_445445	L4_5_IT
chr7-15360000-15370000	chr7-15640000-15650000	human_union_445446	OPC
chr7-15370000-15380000	chr7-16050000-16060000	human_union_445449	SNCG
chr7-15370000-15380000	chr7-16560000-16570000	human_union_445450	PVALB
chr7-15400000-15410000	chr7-16070000-16080000	human_union_445471	L5_IT
chr7-15420000-15430000	chr7-15710000-15720000	human_union_445564	ODC
chr7-15420000-15430000	chr7-16050000-16060000	human_union_445565	L6_IT
chr7-15420000-15430000	chr7-16060000-16070000	human_union_445566	L4_5_IT
chr7-15420000-15430000	chr7-16550000-16560000	human_union_445567	L5_IT
chr7-15430000-15440000	chr7-16550000-16560000	human_union_445612	L6_IT
chr7-15430000-15440000	chr7-16570000-16580000	human_union_445613	L4_5_IT
chr7-15450000-15460000	chr7-16050000-16060000	human_union_445661	SNCG
chr7-15450000-15460000	chr7-16560000-16570000	human_union_445662	SNCG
chr7-15470000-15480000	chr7-15860000-15870000	human_union_445694	L6_IT_CAR3
chr7-15470000-15480000	chr7-16560000-16570000	human_union_445695	L5_IT
chr7-15480000-15490000	chr7-16060000-16070000	human_union_445701	L6b
chr7-15480000-15490000	chr7-16070000-16080000	human_union_445702	L5_IT
chr7-15490000-15500000	chr7-15840000-15850000	human_union_445710	OPC
chr7-15500000-15510000	chr7-16050000-16060000	human_union_445794	L6_IT
chr7-15500000-15510000	chr7-16060000-16070000	human_union_445795	OPC
chr7-15520000-15530000	chr7-16060000-16070000	human_union_445823	L5_IT
chr7-15550000-15560000	chr7-16060000-16070000	human_union_445874	SNCG
chr7-15560000-15570000	chr7-16060000-16070000	human_union_445899	L6b
chr7-15560000-15570000	chr7-16070000-16080000	human_union_445900	OPC
chr7-15570000-15580000	chr7-15710000-15720000	human_union_445918	ODC
chr7-15570000-15580000	chr7-15800000-15810000	human_union_445919	OPC
chr7-15580000-15590000	chr7-16020000-16030000	human_union_445967	OPC
chr7-15580000-15590000	chr7-16060000-16070000	human_union_445968	ODC
chr7-15590000-15600000	chr7-16050000-16060000	human_union_446015	L6_CT
chr7-15600000-15610000	chr7-16040000-16050000	human_union_446030	L6_IT
chr7-15610000-15620000	chr7-16040000-16050000	human_union_446049	L5_IT
chr7-15610000-15620000	chr7-16560000-16570000	human_union_446050	OPC
chr7-15620000-15630000	chr7-16060000-16070000	human_union_446061	L6b
chr7-15630000-15640000	chr7-15810000-15820000	human_union_446069	L6_IT_CAR3
chr7-15630000-15640000	chr7-15930000-15940000	human_union_446070	L5_IT
chr7-15630000-15640000	chr7-16560000-16570000	human_union_446071	L6b
chr7-15670000-15680000	chr7-16050000-16060000	human_union_446105	L6_CT
chr7-15680000-15690000	chr7-16560000-16570000	human_union_446106	L5_IT
chr7-15690000-15700000	chr7-16060000-16070000	human_union_446107	L5_IT
chr7-15720000-15730000	chr7-16050000-16060000	human_union_446149	L6b
chr7-15720000-15730000	chr7-16560000-16570000	human_union_446150	L6b
chr7-15740000-15750000	chr7-16060000-16070000	human_union_446155	ODC
chr7-15740000-15750000	chr7-16540000-16550000	human_union_446156	OPC
chr7-15740000-15750000	chr7-16550000-16560000	human_union_446157	L5_IT
chr7-15760000-15770000	chr7-15910000-15920000	human_union_446191	L6b
chr7-15770000-15780000	chr7-16060000-16070000	human_union_446192	OPC
chr7-15790000-15800000	chr7-16050000-16060000	human_union_446194	L5_IT
chr7-15800000-15810000	chr7-16550000-16560000	human_union_446204	OPC
chr7-15840000-15850000	chr7-16050000-16060000	human_union_446231	L6_CT
chr7-15980000-15990000	chr7-16560000-16570000	human_union_446285	L5_IT
chr7-16000000-16010000	chr7-16480000-16490000	human_union_446286	L6_CT
chr7-16020000-16030000	chr7-16560000-16570000	human_union_446292	OPC
chr7-16070000-16080000	chr7-16560000-16570000	human_union_446293	ChC, SST
chr7-16070000-16080000	chr7-16570000-16580000	human_union_446294	VIP
chr7-16070000-16080000	chr7-16660000-16670000	human_union_446295	L5_IT
chr7-16070000-16080000	chr7-16680000-16690000	human_union_446296	L6_IT_CAR3
chr7-16080000-16090000	chr7-16410000-16420000	human_union_446297	PVALB
chr7-16080000-16090000	chr7-16420000-16430000	human_union_446298	ODC
chr7-16080000-16090000	chr7-16440000-16450000	human_union_446299	LAMP5
chr7-16080000-16090000	chr7-16460000-16470000	human_union_446300	SST
chr7-16080000-16090000	chr7-16560000-16570000	human_union_446301	Endo, LAMP5, ODC, OPC, PVALB, SNCG
chr7-16080000-16090000	chr7-16570000-16580000	human_union_446302	L6_CT
chr7-16080000-16090000	chr7-16800000-16810000	human_union_446303	L6_IT_CAR3
chr7-16090000-16100000	chr7-16470000-16480000	human_union_446304	L6_CT
chr7-16090000-16100000	chr7-16560000-16570000	human_union_446305	L6_IT_CAR3
chr7-16090000-16100000	chr7-16570000-16580000	human_union_446306	L5_ET, L5_IT
chr7-16090000-16100000	chr7-16670000-16680000	human_union_446307	L6_IT
chr7-16100000-16110000	chr7-16430000-16440000	human_union_446308	L5_6_NP
chr7-16100000-16110000	chr7-16540000-16550000	human_union_446309	ASC
chr7-16100000-16110000	chr7-16570000-16580000	human_union_446310	L4_5_IT, L6_IT
chr7-16110000-16120000	chr7-16280000-16290000	human_union_446312	L6_CT
chr7-16110000-16120000	chr7-16440000-16450000	human_union_446313	L5_IT, L6_IT, L6_IT_CAR3
chr7-16110000-16120000	chr7-16450000-16460000	human_union_446314	L2_3_IT
chr7-16110000-16120000	chr7-16570000-16580000	human_union_446315	L2_3_IT
chr7-16110000-16120000	chr7-16770000-16780000	human_union_446316	L5_IT
chr7-16120000-16130000	chr7-16250000-16260000	human_union_446317	L6_IT_CAR3
chr7-16120000-16130000	chr7-16310000-16320000	human_union_446318	L6_IT
chr7-16120000-16130000	chr7-16350000-16360000	human_union_446319	L6b
chr7-16120000-16130000	chr7-16580000-16590000	human_union_446320	L6b
chr7-16120000-16130000	chr7-16620000-16630000	human_union_446321	L6_IT
chr7-16120000-16130000	chr7-16800000-16810000	human_union_446322	L6b
chr7-16130000-16140000	chr7-16240000-16250000	human_union_446323	L4_5_IT
chr7-16130000-16140000	chr7-16250000-16260000	human_union_446324	L6b
chr7-16130000-16140000	chr7-16260000-16270000	human_union_446325	L6_IT
chr7-16130000-16140000	chr7-16270000-16280000	human_union_446326	L5_IT
chr7-16130000-16140000	chr7-16280000-16290000	human_union_446327	L2_3_IT
chr7-16130000-16140000	chr7-16310000-16320000	human_union_446328	L2_3_IT
chr7-16130000-16140000	chr7-16320000-16330000	human_union_446329	L5_IT
chr7-16130000-16140000	chr7-16330000-16340000	human_union_446330	L4_5_IT
chr7-16130000-16140000	chr7-16430000-16440000	human_union_446331	L4_5_IT
chr7-16140000-16150000	chr7-16200000-16210000	human_union_446332	L5_IT
chr7-16140000-16150000	chr7-16570000-16580000	human_union_446333	LAMP5
chr7-16220000-16230000	chr7-16540000-16550000	human_union_446334	L6_IT_CAR3
chr7-16240000-16250000	chr7-16450000-16460000	human_union_446335	L6_IT
chr7-16240000-16250000	chr7-16630000-16640000	human_union_446336	L6_CT
chr7-16250000-16260000	chr7-16320000-16330000	human_union_446337	L6_CT, L6_IT
chr7-16250000-16260000	chr7-16330000-16340000	human_union_446338	L5_IT
chr7-16250000-16260000	chr7-16360000-16370000	human_union_446339	L4_5_IT
chr7-16250000-16260000	chr7-16430000-16440000	human_union_446340	L4_5_IT
chr7-16250000-16260000	chr7-16440000-16450000	human_union_446341	L6_CT
chr7-16250000-16260000	chr7-16470000-16480000	human_union_446342	L4_5_IT
chr7-16250000-16260000	chr7-16550000-16560000	human_union_446343	L4_5_IT
chr7-16250000-16260000	chr7-16580000-16590000	human_union_446344	L6_IT
chr7-16250000-16260000	chr7-16590000-16600000	human_union_446345	L6_CT
chr7-16260000-16270000	chr7-16330000-16340000	human_union_446346	L4_5_IT, L6_IT_CAR3
chr7-16260000-16270000	chr7-16410000-16420000	human_union_446347	L2_3_IT
chr7-16260000-16270000	chr7-16450000-16460000	human_union_446348	L5_IT
chr7-16260000-16270000	chr7-16560000-16570000	human_union_446349	L2_3_IT
chr7-16270000-16280000	chr7-16370000-16380000	human_union_446350	L5_IT
chr7-16270000-16280000	chr7-16420000-16430000	human_union_446351	L5_IT
chr7-16270000-16280000	chr7-16550000-16560000	human_union_446352	L5_IT
chr7-16270000-16280000	chr7-16640000-16650000	human_union_446353	L5_IT
chr7-16310000-16320000	chr7-16420000-16430000	human_union_446356	L4_5_IT
chr7-16310000-16320000	chr7-16430000-16440000	human_union_446357	L2_3_IT
chr7-16310000-16320000	chr7-16550000-16560000	human_union_446358	L6_IT_CAR3
chr7-16310000-16320000	chr7-16560000-16570000	human_union_446359	L2_3_IT
chr7-16320000-16330000	chr7-16410000-16420000	human_union_446360	L6_IT
chr7-16320000-16330000	chr7-16430000-16440000	human_union_446361	L6_CT
chr7-16320000-16330000	chr7-16560000-16570000	human_union_446362	L5_IT
chr7-16330000-16340000	chr7-16420000-16430000	human_union_446363	L5_IT
chr7-16350000-16360000	chr7-16560000-16570000	human_union_446364	L4_5_IT
chr7-16410000-16420000	chr7-16570000-16580000	human_union_446367	L5_6_NP
chr7-16420000-16430000	chr7-16560000-16570000	human_union_446368	ODC
chr7-16430000-16440000	chr7-16560000-16570000	human_union_446369	L4_5_IT
chr7-16440000-16450000	chr7-16550000-16560000	human_union_446370	L6_IT_CAR3
chr7-16450000-16460000	chr7-16560000-16570000	human_union_446371	L2_3_IT, L5_IT
chr7-16450000-16460000	chr7-16570000-16580000	human_union_446372	L6_CT, L6_IT
chr7-16480000-16490000	chr7-16560000-16570000	human_union_446373	L6_IT
chr7-16590000-16600000	chr7-16650000-16660000	human_union_446377	L2_3_IT, L5_IT, L6_CT
chr7-16600000-16610000	chr7-16680000-16690000	human_union_446378	L6_CT
chr7-16600000-16610000	chr7-16910000-16920000	human_union_446379	ODC
chr7-16610000-16620000	chr7-16780000-16790000	human_union_446389	L6_IT_CAR3
chr7-16620000-16630000	chr7-16680000-16690000	human_union_446390	L5_IT, L6_IT_CAR3
chr7-16650000-16660000	chr7-16760000-16770000	human_union_446391	L6_CT
chr7-16680000-16690000	chr7-16770000-16780000	human_union_446392	L2_3_IT
chr7-16680000-16690000	chr7-16780000-16790000	human_union_446393	L5_IT
chr7-16680000-16690000	chr7-16930000-16940000	human_union_446394	LAMP5
chr7-16680000-16690000	chr7-17630000-17640000	human_union_446395	L5_IT
chr7-16690000-16700000	chr7-16760000-16770000	human_union_446396	L6_CT, L6_IT_CAR3, L6b
chr7-16690000-16700000	chr7-16770000-16780000	human_union_446397	L5_6_NP
chr7-16690000-16700000	chr7-16780000-16790000	human_union_446398	L4_5_IT
chr7-16690000-16700000	chr7-16790000-16800000	human_union_446399	L6_IT
chr7-16690000-16700000	chr7-16910000-16920000	human_union_446400	L6_IT
chr7-16690000-16700000	chr7-16920000-16930000	human_union_446401	L5_6_NP, L6b, SNCG
chr7-16690000-16700000	chr7-16930000-16940000	human_union_446402	L5_IT
chr7-16690000-16700000	chr7-17290000-17300000	human_union_446403	L4_5_IT
chr7-16690000-16700000	chr7-17310000-17320000	human_union_446404	L6_IT
chr7-16690000-16700000	chr7-17320000-17330000	human_union_446405	LAMP5
chr7-16690000-16700000	chr7-17340000-17350000	human_union_446406	L4_5_IT
chr7-16690000-16700000	chr7-17600000-17610000	human_union_446407	L5_IT
chr7-16700000-16710000	chr7-16910000-16920000	human_union_446408	L4_5_IT
chr7-16700000-16710000	chr7-16930000-16940000	human_union_446409	L6_CT
chr7-16700000-16710000	chr7-17280000-17290000	human_union_446410	L6_IT
chr7-16700000-16710000	chr7-17370000-17380000	human_union_446411	L6_IT
chr7-16700000-16710000	chr7-17630000-17640000	human_union_446412	L4_5_IT
chr7-16710000-16720000	chr7-16920000-16930000	human_union_446416	PVALB
chr7-16730000-16740000	chr7-17640000-17650000	human_union_446417	L2_3_IT
chr7-16730000-16740000	chr7-17650000-17660000	human_union_446418	L6_IT
chr7-16740000-16750000	chr7-16800000-16810000	human_union_446419	L4_5_IT
chr7-16750000-16760000	chr7-16910000-16920000	human_union_446420	L6b, SNCG
chr7-16770000-16780000	chr7-17390000-17400000	human_union_446421	L5_IT
chr7-16780000-16790000	chr7-16910000-16920000	human_union_446422	L6b
chr7-16780000-16790000	chr7-17310000-17320000	human_union_446423	L5_IT
chr7-16780000-16790000	chr7-17620000-17630000	human_union_446424	PVALB
chr7-16790000-16800000	chr7-16910000-16920000	human_union_446425	L5_6_NP
chr7-16790000-16800000	chr7-16920000-16930000	human_union_446426	MGC
chr7-16790000-16800000	chr7-16930000-16940000	human_union_446427	L5_IT
chr7-16790000-16800000	chr7-17300000-17310000	human_union_446428	L4_5_IT
chr7-16790000-16800000	chr7-17310000-17320000	human_union_446429	MGC
chr7-16800000-16810000	chr7-16920000-16930000	human_union_446430	L4_5_IT, L6_IT, PVALB
chr7-16800000-16810000	chr7-16930000-16940000	human_union_446431	L2_3_IT, L6_IT_CAR3
chr7-16800000-16810000	chr7-17290000-17300000	human_union_446432	L6_IT
chr7-16800000-16810000	chr7-17300000-17310000	human_union_446433	L5_6_NP
chr7-16800000-16810000	chr7-17320000-17330000	human_union_446434	L6_IT_CAR3
chr7-16800000-16810000	chr7-17360000-17370000	human_union_446435	L6_IT
chr7-16800000-16810000	chr7-17640000-17650000	human_union_446436	L2_3_IT
chr7-16800000-16810000	chr7-17650000-17660000	human_union_446437	L4_5_IT
chr7-16800000-16810000	chr7-17670000-17680000	human_union_446438	SST
chr7-16810000-16820000	chr7-16930000-16940000	human_union_446441	L6_CT
chr7-16810000-16820000	chr7-17470000-17480000	human_union_446442	L6_IT_CAR3
chr7-16810000-16820000	chr7-17640000-17650000	human_union_446443	L5_IT, L6_IT
chr7-16820000-16830000	chr7-16910000-16920000	human_union_446444	L6b
chr7-16820000-16830000	chr7-17660000-17670000	human_union_446445	MGC
chr7-16830000-16840000	chr7-17240000-17250000	human_union_446446	L5_IT
chr7-16830000-16840000	chr7-17400000-17410000	human_union_446447	L5_IT
chr7-16910000-16920000	chr7-17650000-17660000	human_union_446449	SST
chr7-16920000-16930000	chr7-17290000-17300000	human_union_446450	SST
chr7-16930000-16940000	chr7-17290000-17300000	human_union_446451	MGC
chr7-16930000-16940000	chr7-17310000-17320000	human_union_446452	Endo
chr7-16930000-16940000	chr7-18610000-18620000	human_union_446453	MGC
chr7-16930000-16940000	chr7-18660000-18670000	human_union_446454	MGC
chr7-16940000-16950000	chr7-17160000-17170000	human_union_446455	MGC
chr7-16950000-16960000	chr7-17240000-17250000	human_union_446456	L6_CT
chr7-16960000-16970000	chr7-17030000-17040000	human_union_446457	LAMP5
chr7-16960000-16970000	chr7-17150000-17160000	human_union_446458	L6_CT, L6_IT_CAR3
chr7-16960000-16970000	chr7-17180000-17190000	human_union_446459	LAMP5
chr7-16960000-16970000	chr7-17510000-17520000	human_union_446460	SST
chr7-16960000-16970000	chr7-17530000-17540000	human_union_446461	ODC
chr7-16960000-16970000	chr7-17640000-17650000	human_union_446462	ODC
chr7-16960000-16970000	chr7-17660000-17670000	human_union_446463	MGC
chr7-16960000-16970000	chr7-17750000-17760000	human_union_446464	L5_IT
chr7-16970000-16980000	chr7-17050000-17060000	human_union_446465	ODC
chr7-16970000-16980000	chr7-17080000-17090000	human_union_446466	L5_IT, ODC
chr7-16970000-16980000	chr7-17130000-17140000	human_union_446467	ODC
chr7-16970000-16980000	chr7-17190000-17200000	human_union_446468	ODC
chr7-16970000-16980000	chr7-17230000-17240000	human_union_446469	L6b
chr7-16970000-16980000	chr7-17300000-17310000	human_union_446470	L5_IT, L6_CT, PVALB
chr7-16970000-16980000	chr7-17350000-17360000	human_union_446471	L5_IT
chr7-16970000-16980000	chr7-17370000-17380000	human_union_446472	L6_IT
chr7-16970000-16980000	chr7-17460000-17470000	human_union_446473	SST
chr7-16970000-16980000	chr7-17470000-17480000	human_union_446474	L6b
chr7-16970000-16980000	chr7-17640000-17650000	human_union_446475	L2_3_IT, L5_6_NP, L5_IT
chr7-16970000-16980000	chr7-17650000-17660000	human_union_446476	PVALB
chr7-16970000-16980000	chr7-17660000-17670000	human_union_446477	LAMP5
chr7-16970000-16980000	chr7-17760000-17770000	human_union_446478	PVALB
chr7-16970000-16980000	chr7-17840000-17850000	human_union_446479	L5_IT
chr7-16970000-16980000	chr7-17850000-17860000	human_union_446480	L6_IT
chr7-16970000-16980000	chr7-18350000-18360000	human_union_446481	SST
chr7-16980000-16990000	chr7-17240000-17250000	human_union_446482	L4_5_IT
chr7-16980000-16990000	chr7-17290000-17300000	human_union_446483	L2_3_IT, L5_6_NP, L6_IT, MGC, ODC, SST
chr7-16980000-16990000	chr7-17300000-17310000	human_union_446484	Endo, OPC
chr7-16980000-16990000	chr7-17310000-17320000	human_union_446485	L4_5_IT
chr7-16980000-16990000	chr7-17320000-17330000	human_union_446486	LAMP5
chr7-16980000-16990000	chr7-17350000-17360000	human_union_446487	L2_3_IT
chr7-16980000-16990000	chr7-17390000-17400000	human_union_446488	L6_CT, SST
chr7-16980000-16990000	chr7-17440000-17450000	human_union_446489	L4_5_IT
chr7-16980000-16990000	chr7-17450000-17460000	human_union_446490	LAMP5
chr7-16980000-16990000	chr7-17460000-17470000	human_union_446491	PVALB
chr7-16980000-16990000	chr7-17520000-17530000	human_union_446492	MGC
chr7-16980000-16990000	chr7-17530000-17540000	human_union_446493	L4_5_IT, L6_IT, PVALB
chr7-16980000-16990000	chr7-17540000-17550000	human_union_446494	Endo
chr7-16980000-16990000	chr7-17630000-17640000	human_union_446495	L6_CT
chr7-16980000-16990000	chr7-17640000-17650000	human_union_446496	L4_5_IT, L6_IT, L6b
chr7-16980000-16990000	chr7-17650000-17660000	human_union_446497	SST
chr7-16980000-16990000	chr7-17660000-17670000	human_union_446498	Endo
chr7-16980000-16990000	chr7-17930000-17940000	human_union_446499	SST
chr7-16980000-16990000	chr7-18310000-18320000	human_union_446500	L4_5_IT
chr7-16980000-16990000	chr7-18330000-18340000	human_union_446501	L6_IT, PVALB
chr7-16990000-17000000	chr7-17530000-17540000	human_union_446502	L5_6_NP
chr7-17000000-17010000	chr7-17140000-17150000	human_union_446503	L4_5_IT
chr7-17010000-17020000	chr7-17280000-17290000	human_union_446505	L6b
chr7-17010000-17020000	chr7-17290000-17300000	human_union_446506	L5_ET
chr7-17020000-17030000	chr7-17080000-17090000	human_union_446507	L6_IT
chr7-17020000-17030000	chr7-17180000-17190000	human_union_446508	LAMP5
chr7-17030000-17040000	chr7-17090000-17100000	human_union_446509	SNCG
chr7-17030000-17040000	chr7-17170000-17180000	human_union_446510	SST
chr7-17040000-17050000	chr7-17300000-17310000	human_union_446511	SST
chr7-17050000-17060000	chr7-17180000-17190000	human_union_446512	LAMP5
chr7-17050000-17060000	chr7-17310000-17320000	human_union_446513	SNCG
chr7-17050000-17060000	chr7-17640000-17650000	human_union_446514	L5_IT
chr7-17060000-17070000	chr7-17370000-17380000	human_union_446515	L6_IT
chr7-17060000-17070000	chr7-17530000-17540000	human_union_446516	ODC
chr7-17060000-17070000	chr7-18080000-18090000	human_union_446517	L6b
chr7-17070000-17080000	chr7-17640000-17650000	human_union_446518	L2_3_IT, L6_IT
chr7-17080000-17090000	chr7-17180000-17190000	human_union_446519	LAMP5
chr7-17080000-17090000	chr7-17290000-17300000	human_union_446520	L5_IT, L6b
chr7-17080000-17090000	chr7-17350000-17360000	human_union_446521	L4_5_IT
chr7-17080000-17090000	chr7-17650000-17660000	human_union_446522	L4_5_IT
chr7-17110000-17120000	chr7-17290000-17300000	human_union_446529	ODC
chr7-17120000-17130000	chr7-17290000-17300000	human_union_446530	MGC
chr7-17140000-17150000	chr7-17640000-17650000	human_union_446531	L4_5_IT, L5_IT
chr7-17150000-17160000	chr7-17600000-17610000	human_union_446532	L6_CT
chr7-17160000-17170000	chr7-17530000-17540000	human_union_446533	L5_IT
chr7-17180000-17190000	chr7-17640000-17650000	human_union_446534	L6_IT
chr7-17180000-17190000	chr7-17650000-17660000	human_union_446535	SST
chr7-17200000-17210000	chr7-17280000-17290000	human_union_446536	L6b
chr7-17220000-17230000	chr7-17290000-17300000	human_union_446540	L5_IT
chr7-17220000-17230000	chr7-17630000-17640000	human_union_446541	L6_IT
chr7-17230000-17240000	chr7-17380000-17390000	human_union_446542	L5_IT
chr7-17230000-17240000	chr7-17390000-17400000	human_union_446543	L6_CT
chr7-17230000-17240000	chr7-17650000-17660000	human_union_446544	L4_5_IT
chr7-17240000-17250000	chr7-17540000-17550000	human_union_446545	L5_IT
chr7-17240000-17250000	chr7-17630000-17640000	human_union_446546	L6_CT
chr7-17240000-17250000	chr7-17640000-17650000	human_union_446547	L2_3_IT
chr7-17240000-17250000	chr7-17650000-17660000	human_union_446548	L5_IT
chr7-17300000-17310000	chr7-17380000-17390000	human_union_446549	L5_IT
chr7-17300000-17310000	chr7-17640000-17650000	human_union_446550	L2_3_IT, L4_5_IT, L6b
chr7-17300000-17310000	chr7-17650000-17660000	human_union_446551	L5_IT
chr7-17310000-17320000	chr7-17370000-17380000	human_union_446556	L6_IT
chr7-17310000-17320000	chr7-17380000-17390000	human_union_446557	SST
chr7-17310000-17320000	chr7-17470000-17480000	human_union_446558	SST
chr7-17310000-17320000	chr7-17510000-17520000	human_union_446559	SST
chr7-17310000-17320000	chr7-17520000-17530000	human_union_446560	PVALB
chr7-17310000-17320000	chr7-17650000-17660000	human_union_446561	L6_IT, PVALB, SST
chr7-17320000-17330000	chr7-17640000-17650000	human_union_446562	LAMP5
chr7-17350000-17360000	chr7-17640000-17650000	human_union_446563	L2_3_IT
chr7-17360000-17370000	chr7-17530000-17540000	human_union_446564	L6_IT
chr7-17360000-17370000	chr7-17640000-17650000	human_union_446565	L6_IT
chr7-17360000-17370000	chr7-17650000-17660000	human_union_446566	L5_IT
chr7-17370000-17380000	chr7-17620000-17630000	human_union_446567	L6_IT_CAR3
chr7-17370000-17380000	chr7-17640000-17650000	human_union_446568	SST
chr7-17380000-17390000	chr7-17460000-17470000	human_union_446569	SST
chr7-17390000-17400000	chr7-17630000-17640000	human_union_446570	L6_CT
chr7-17420000-17430000	chr7-17480000-17490000	human_union_446572	L5_IT
chr7-17450000-17460000	chr7-17610000-17620000	human_union_446573	L6b
chr7-17450000-17460000	chr7-17620000-17630000	human_union_446574	L4_5_IT
chr7-17460000-17470000	chr7-17520000-17530000	human_union_446575	SST
chr7-17470000-17480000	chr7-17530000-17540000	human_union_446576	L5_6_NP
chr7-17470000-17480000	chr7-17640000-17650000	human_union_446577	SST
chr7-17480000-17490000	chr7-17620000-17630000	human_union_446578	L6_IT
chr7-17520000-17530000	chr7-17630000-17640000	human_union_446582	SST
chr7-17620000-17630000	chr7-18320000-18330000	human_union_446584	OPC
chr7-17660000-17670000	chr7-18330000-18340000	human_union_446585	L5_6_NP
chr7-17660000-17670000	chr7-18580000-18590000	human_union_446586	SST
chr7-17670000-17680000	chr7-18340000-18350000	human_union_446587	L6_CT
chr7-17670000-17680000	chr7-19680000-19690000	human_union_446588	L6_CT
chr7-17680000-17690000	chr7-18010000-18020000	human_union_446589	MGC
chr7-17680000-17690000	chr7-18240000-18250000	human_union_446590	MGC
chr7-17680000-17690000	chr7-18340000-18350000	human_union_446591	MGC
chr7-17680000-17690000	chr7-18490000-18500000	human_union_446592	L2_3_IT
chr7-17680000-17690000	chr7-18570000-18580000	human_union_446593	LAMP5, MGC
chr7-17680000-17690000	chr7-18660000-18670000	human_union_446594	OPC
chr7-17680000-17690000	chr7-18950000-18960000	human_union_446595	L4_5_IT
chr7-17680000-17690000	chr7-19090000-19100000	human_union_446596	L4_5_IT
chr7-17680000-17690000	chr7-19470000-19480000	human_union_446597	L5_IT
chr7-17680000-17690000	chr7-19600000-19610000	human_union_446598	L5_IT
chr7-17680000-17690000	chr7-19610000-19620000	human_union_446599	PVALB
chr7-17680000-17690000	chr7-19650000-19660000	human_union_446600	OPC
chr7-17680000-17690000	chr7-19670000-19680000	human_union_446601	PVALB, SST
chr7-17680000-17690000	chr7-20590000-20600000	human_union_446602	L4_5_IT
chr7-17680000-17690000	chr7-20600000-20610000	human_union_446603	L5_IT
chr7-17680000-17690000	chr7-20720000-20730000	human_union_446604	L6_IT_CAR3
chr7-17690000-17700000	chr7-17920000-17930000	human_union_446605	L5_IT
chr7-17690000-17700000	chr7-18080000-18090000	human_union_446606	L4_5_IT
chr7-17690000-17700000	chr7-18100000-18110000	human_union_446607	OPC
chr7-17690000-17700000	chr7-18210000-18220000	human_union_446608	L4_5_IT, PVALB
chr7-17690000-17700000	chr7-18240000-18250000	human_union_446609	L5_IT
chr7-17690000-17700000	chr7-18330000-18340000	human_union_446610	OPC
chr7-17690000-17700000	chr7-18340000-18350000	human_union_446611	L5_IT, SST
chr7-17690000-17700000	chr7-18350000-18360000	human_union_446612	L6b
chr7-17690000-17700000	chr7-18420000-18430000	human_union_446613	L6_IT_CAR3
chr7-17690000-17700000	chr7-18430000-18440000	human_union_446614	L5_IT
chr7-17690000-17700000	chr7-18480000-18490000	human_union_446615	L4_5_IT
chr7-17690000-17700000	chr7-18490000-18500000	human_union_446616	OPC
chr7-17690000-17700000	chr7-18500000-18510000	human_union_446617	L6_IT_CAR3
chr7-17690000-17700000	chr7-18570000-18580000	human_union_446618	L5_IT
chr7-17690000-17700000	chr7-18620000-18630000	human_union_446619	L4_5_IT
chr7-17690000-17700000	chr7-18760000-18770000	human_union_446620	L6b
chr7-17690000-17700000	chr7-19110000-19120000	human_union_446621	L6b
chr7-17690000-17700000	chr7-19650000-19660000	human_union_446622	L5_IT
chr7-17690000-17700000	chr7-19670000-19680000	human_union_446623	VIP
chr7-17690000-17700000	chr7-19700000-19710000	human_union_446624	LAMP5
chr7-17690000-17700000	chr7-20600000-20610000	human_union_446625	SST
chr7-17690000-17700000	chr7-20620000-20630000	human_union_446626	PVALB
chr7-17700000-17710000	chr7-17940000-17950000	human_union_446627	PVALB
chr7-17700000-17710000	chr7-17950000-17960000	human_union_446628	ChC
chr7-17700000-17710000	chr7-17960000-17970000	human_union_446629	LAMP5
chr7-17700000-17710000	chr7-18250000-18260000	human_union_446630	L6_IT
chr7-17700000-17710000	chr7-18320000-18330000	human_union_446631	ODC
chr7-17700000-17710000	chr7-18330000-18340000	human_union_446632	LAMP5
chr7-17700000-17710000	chr7-18340000-18350000	human_union_446633	L6_CT
chr7-17700000-17710000	chr7-18520000-18530000	human_union_446634	L5_IT, LAMP5
chr7-17700000-17710000	chr7-18570000-18580000	human_union_446635	ODC
chr7-17700000-17710000	chr7-18630000-18640000	human_union_446636	L5_IT, LAMP5
chr7-17700000-17710000	chr7-18660000-18670000	human_union_446637	L6b
chr7-17700000-17710000	chr7-18690000-18700000	human_union_446638	L6_CT
chr7-17700000-17710000	chr7-18760000-18770000	human_union_446639	L4_5_IT
chr7-17700000-17710000	chr7-18940000-18950000	human_union_446640	L6b
chr7-17700000-17710000	chr7-19010000-19020000	human_union_446641	L4_5_IT
chr7-17700000-17710000	chr7-19550000-19560000	human_union_446642	L4_5_IT
chr7-17700000-17710000	chr7-19630000-19640000	human_union_446643	LAMP5
chr7-17700000-17710000	chr7-19650000-19660000	human_union_446644	L6b
chr7-17700000-17710000	chr7-19660000-19670000	human_union_446645	L4_5_IT
chr7-17700000-17710000	chr7-19670000-19680000	human_union_446646	LAMP5
chr7-17700000-17710000	chr7-20610000-20620000	human_union_446647	LAMP5
chr7-17710000-17720000	chr7-17940000-17950000	human_union_446648	L4_5_IT, L6_IT
chr7-17710000-17720000	chr7-18330000-18340000	human_union_446649	L2_3_IT, L4_5_IT
chr7-17710000-17720000	chr7-18340000-18350000	human_union_446650	L6_IT
chr7-17710000-17720000	chr7-18490000-18500000	human_union_446651	L6_IT
chr7-17710000-17720000	chr7-18560000-18570000	human_union_446652	L4_5_IT, L6_IT
chr7-17710000-17720000	chr7-19060000-19070000	human_union_446653	L6_IT
chr7-17710000-17720000	chr7-19130000-19140000	human_union_446654	L6_IT
chr7-17710000-17720000	chr7-19660000-19670000	human_union_446655	L6_IT
chr7-17710000-17720000	chr7-19680000-19690000	human_union_446656	L2_3_IT
chr7-17720000-17730000	chr7-18200000-18210000	human_union_446657	PVALB
chr7-17720000-17730000	chr7-18310000-18320000	human_union_446658	Endo
chr7-17720000-17730000	chr7-18330000-18340000	human_union_446659	PVALB
chr7-17720000-17730000	chr7-18520000-18530000	human_union_446660	L4_5_IT
chr7-17720000-17730000	chr7-18550000-18560000	human_union_446661	L6b
chr7-17730000-17740000	chr7-18640000-18650000	human_union_446662	L6_IT
chr7-17730000-17740000	chr7-18760000-18770000	human_union_446663	L6_IT
chr7-17730000-17740000	chr7-20510000-20520000	human_union_446664	L6b
chr7-17730000-17740000	chr7-20600000-20610000	human_union_446665	SST
chr7-17740000-17750000	chr7-18130000-18140000	human_union_446666	ODC
chr7-17740000-17750000	chr7-18340000-18350000	human_union_446667	L6_CT
chr7-17740000-17750000	chr7-18510000-18520000	human_union_446668	PVALB
chr7-17740000-17750000	chr7-18580000-18590000	human_union_446669	PVALB
chr7-17740000-17750000	chr7-18660000-18670000	human_union_446670	PVALB
